[
    {
        "question": "How many singers do we have?",
        "query": "SELECT count(*) FROM singer",
        "db_id": "concert_singer"
    },
    {
        "question": "What is the total number of singers?",
        "query": "SELECT count(*) FROM singer",
        "db_id": "concert_singer"
    },
    {
        "question": "Show name, country, age for all singers ordered by age from the oldest to the youngest.",
        "query": "SELECT name ,  country ,  age FROM singer ORDER BY age DESC",
        "db_id": "concert_singer"
    },
    {
        "question": "What are the names, countries, and ages for every singer in descending order of age?",
        "query": "SELECT name ,  country ,  age FROM singer ORDER BY age DESC",
        "db_id": "concert_singer"
    },
    {
        "question": "What are the ids and makers of all car makers that produce at least 2 models and make more than 3 cars?",
        "query": "SELECT T1.Id ,  T1.Maker FROM CAR_MAKERS AS T1 JOIN MODEL_LIST AS T2 ON T1.Id  =  T2.Maker GROUP BY T1.Id HAVING count(*)  >=  2 INTERSECT SELECT T1.Id ,  T1.Maker FROM CAR_MAKERS AS T1 JOIN MODEL_LIST AS T2 ON T1.Id  =  T2.Maker JOIN CAR_NAMES AS T3 ON T2.model  =  T3.model GROUP BY T1.Id HAVING count(*)  >  3;",
        "db_id": "car_1"
    },
    {
        "question": "What are the id and names of the countries which have more than 3 car makers or produce the 'fiat' model?",
        "query": "SELECT T1.countryId ,  T1.CountryName FROM Countries AS T1 JOIN CAR_MAKERS AS T2 ON T1.CountryId  =  T2.Country GROUP BY T1.countryId HAVING count(*)  >  3 UNION SELECT T1.countryId ,  T1.CountryName FROM Countries AS T1 JOIN CAR_MAKERS AS T2 ON T1.CountryId  =  T2.Country JOIN MODEL_LIST AS T3 ON T2.Id  =  T3.Maker WHERE T3.Model  =  'fiat';",
        "db_id": "car_1"
    },
    {
        "question": "What are the ids and names of all countries that either have more than 3 car makers or produce fiat model ?",
        "query": "select t1.countryid ,  t1.countryname from countries as t1 join car_makers as t2 on t1.countryid  =  t2.country group by t1.countryid having count(*)  >  3 union select t1.countryid ,  t1.countryname from countries as t1 join car_makers as t2 on t1.countryid  =  t2.country join model_list as t3 on t2.id  =  t3.maker where t3.model  =  'fiat';",
        "db_id": "car_1"
    },
    {
        "question": "Which country does Airline \"JetBlue Airways\" belong to?",
        "query": "SELECT Country FROM AIRLINES WHERE Airline  =  \"JetBlue Airways\"",
        "db_id": "flight_2"
    },
    {
        "question": "What country is Jetblue Airways affiliated with?",
        "query": "SELECT Country FROM AIRLINES WHERE Airline  =  \"JetBlue Airways\"",
        "db_id": "flight_2"
    },
    {
        "question": "What is the abbreviation of Airline \"JetBlue Airways\"?",
        "query": "SELECT Abbreviation FROM AIRLINES WHERE Airline  =  \"JetBlue Airways\"",
        "db_id": "flight_2"
    },
    {
        "question": "Which abbreviation corresponds to Jetblue Airways?",
        "query": "SELECT Abbreviation FROM AIRLINES WHERE Airline  =  \"JetBlue Airways\"",
        "db_id": "flight_2"
    }
]